Rank,Book Title,Author,Rating,Reviews,Price,url,description,publisher,publication_date
#1,My Guide Dog is a Wolf Shifter,Roxie Ray,4.5,120.0,4.95,https://www.amazon.com/My-Guide-Dog-Wolf-Shifter-ebook/dp/B0GR98NZ57/ref=zg_bs_g_6190484011_d_sccl_1/142-5481648-3710261,N/A,N/A,N/A
#2,Dark Alchemy: House of Cards,I. T. Lucas,4.9,106.0,4.99,https://www.amazon.com/Dark-Alchemy-Children-Paranormal-Romance-ebook/dp/B0GJ4G9ZG8/ref=zg_bs_g_6190484011_d_sccl_2/142-5481648-3710261,N/A,N/A,N/A
#3,The Wolf King: A Fantasy Romance,Lauren Palphreyman,4.4,63517.0,4.99,https://www.amazon.com/Wolf-King-Fantasy-Romance-ebook/dp/B0CFQTT2BV/ref=zg_bs_g_6190484011_d_sccl_3/142-5481648-3710261,N/A,N/A,N/A
#4,Cursed with Benefits,Roxie Ray,4.5,388.0,4.95,https://www.amazon.com/Cursed-Benefits-Roxie-Ray-ebook/dp/B0GQ3BNQY9/ref=zg_bs_g_6190484011_d_sccl_4/142-5481648-3710261,N/A,N/A,N/A
#5,Crone of Thorns,Amanda M. Lee,4.7,442.0,5.99,https://www.amazon.com/Crone-Thorns-Amanda-M-Lee-ebook/dp/B0FMPJVJZM/ref=zg_bs_g_6190484011_d_sccl_5/142-5481648-3710261,N/A,N/A,N/A
#6,Zodiac Academy 3: The Reckoning,Caroline Peckham,4.6,104919.0,6.99,https://www.amazon.com/Zodiac-Academy-Reckoning-Romance-Supernatural-ebook/dp/B07XBGJKHQ/ref=zg_bs_g_6190484011_d_sccl_6/142-5481648-3710261,N/A,N/A,N/A
#7,Zodiac Academy 2: Ruthless Fae,Caroline Peckham,4.5,112404.0,6.99,https://www.amazon.com/Zodiac-Academy-Ruthless-Romance-Supernatural-ebook/dp/B07VJ383S6/ref=zg_bs_g_6190484011_d_sccl_7/142-5481648-3710261,N/A,N/A,N/A
#8,Zodiac Academy 5: Cursed Fates,Caroline Peckham,4.5,80988.0,7.99,https://www.amazon.com/Zodiac-Academy-Cursed-Fates-Romance-ebook/dp/B08914K4F9/ref=zg_bs_g_6190484011_d_sccl_8/142-5481648-3710261,N/A,N/A,N/A
#9,How Not to Kill a Hellhound,Shannon Mae,4.7,913.0,4.99,https://www.amazon.com/Kill-Hellhound-Hellhounds-Paradise-Falls-ebook/dp/B0FTTJQWG6/ref=zg_bs_g_6190484011_d_sccl_9/142-5481648-3710261,N/A,N/A,N/A
#10,Zodiac Academy 6: Fated Throne,Caroline Peckham,4.5,79249.0,7.99,https://www.amazon.com/Zodiac-Academy-6-Caroline-Peckham-ebook/dp/B088QJ787J/ref=zg_bs_g_6190484011_d_sccl_10/142-5481648-3710261,N/A,N/A,N/A
#11,Zodiac Academy 4: Shadow Princess,Caroline Peckham,4.5,82389.0,7.99,https://www.amazon.com/Zodiac-Academy-Princess-Romance-Supernatural-ebook/dp/B07YLBYWPD/ref=zg_bs_g_6190484011_d_sccl_11/142-5481648-3710261,"The shadows are in my blood. I can feel them crawling through me, slithering under my skin and taking me hostage. But the darkness within me isn't nearly as bad as the darkness that lives around me. The four Celestial Heirs will stop at nothing to destroy the lives of me and my sister. But they haven't figured out yet, that we're the strongest creatures they've ever known. And when that secret comes out, we need to be ready to face them as well as any other cruel Fae who rises against us. It’s us or them. And it damn well won’t be us. Read more",N/A,N/A
#12,Moon Cursed Complete Series,Alexis Calder,4.3,58.0,0.99,https://www.amazon.com/Moon-Cursed-Complete-Alexis-Calder-ebook/dp/B0CTYTZKNP/ref=zg_bs_g_6190484011_d_sccl_12/142-5481648-3710261,N/A,N/A,N/A
#13,Obsidian (Shadowbound Fae Book 1),K.F. Breene,4.4,11321.0,4.99,https://www.amazon.com/Obsidian-Shadowbound-Fae-Book-1-ebook/dp/B0F3LP475Y/ref=zg_bs_g_6190484011_d_sccl_13/142-5481648-3710261,N/A,N/A,N/A
#14,Forged in Blood,Sadie Kincaid,4.3,34441.0,5.99,https://www.amazon.com/Forged-Blood-Broken-Bloodlines-Book-ebook/dp/B0CQ8TCHC9/ref=zg_bs_g_6190484011_d_sccl_14/142-5481648-3710261,"A dark paranormal/ fantasy romance from bestselling author, Sadie Kincaid. Every few millennia, a child is born. Some say they’re marked with a curse. Others claim they possess the power of the ages. Meet Ophelia Hart. Lover of classic literature and unicorns. An orphan with nobody in her corner—no family, no friends. But it’s her loneliness that fuels her life’s ambition to become a social worker and help the forgotten children just like her. For a foster kid with only slightly above-average grades, it feels like a pipe dream. Except it seems that someone is looking out for Ophelia after all. When an unexpected opportunity to attend Montridge University arises, she thinks her life is finally taking a turn for the better. Too bad she comes to the attention of the three ruthless, arrogant commanders of the Ruby Dragon Society. Three of the most feared and powerful vampires on campus. But Ophelia doesn’t believe in vampires. Or in witches, or magic, or ancient prophecies. Until she has no choice. Little does she know, she’s about to have her whole world turned upside down. Because there is something about Ophelia Hart. Something that captures not only the attention of the Ruby Dragon commanders, but also their powerful, enigmatic sire—Professor Alexandros Drakos. With no idea of the power running through her veins, Ophelia must learn to trust the very men whom all others fear. And she needs to do it fast, for there are darker forces at work than those at Montridge University. Forces that were long ago Forged in Blood. Forged in Blood is book one in a trilogy. Books 1 and 2 end on cliffhangers and book 3 is a HEA. Read more",N/A,N/A
#15,The Nanny and Her Alphas,Layla Sparks,4.1,191.0,4.99,https://www.amazon.com/Nanny-Her-Alphas-Omegaverse-Standalone-ebook/dp/B0FVTSJ2NY/ref=zg_bs_g_6190484011_d_sccl_15/142-5481648-3710261,N/A,N/A,N/A
#16,Zodiac Academy 7: Heartless Sky,Caroline Peckham,4.4,64358.0,8.99,https://www.amazon.com/Zodiac-Academy-7-Caroline-Peckham-ebook/dp/B08R14G8QV/ref=zg_bs_g_6190484011_d_sccl_16/142-5481648-3710261,N/A,N/A,N/A
#17,Kiss of the Basilisk,Lindsay Straube,4.1,27738.0,8.25,https://www.amazon.com/Kiss-Basilisk-Split-Swallow-Novel-ebook/dp/B0DMX89R8T/ref=zg_bs_g_6190484011_d_sccl_17/142-5481648-3710261,N/A,N/A,N/A
#18,Immortal by Morning,Lynsay Sands,4.5,1899.0,1.99,https://www.amazon.com/Immortal-Morning-Halloween-Paranormal-Vampires-ebook/dp/B0DL9V9M5S/ref=zg_bs_g_6190484011_d_sccl_18/142-5481648-3710261,N/A,N/A,N/A
#19,The Lies that Summon the Night,Tessonja Odette,4.6,279.0,1.99,https://www.amazon.com/Lies-that-Summon-Night-Novel-ebook/dp/B0FJX47F4X/ref=zg_bs_g_6190484011_d_sccl_19/142-5481648-3710261,N/A,N/A,N/A
#20,Eyes of Devious Burgundy,Lacey Lehotzky,4.3,3293.0,8.99,https://www.amazon.com/Eyes-Devious-Burgundy-Deathcaller-Prophecy-ebook/dp/B0DJSCN35B/ref=zg_bs_g_6190484011_d_sccl_20/142-5481648-3710261,N/A,N/A,N/A
#21,Undeniably His Mate,Roxie Ray,4.4,891.0,9.95,https://www.amazon.com/Undeniably-His-Mate-Roxie-Ray-ebook/dp/B0GFVSDGNJ/ref=zg_bs_g_6190484011_d_sccl_21/142-5481648-3710261,N/A,N/A,N/A
#22,Stalked by Seduction and Shadows,Maggie Sunseri,4.2,9053.0,4.99,https://www.amazon.com/Stalked-Seduction-Shadows-Eternal-Obsession-ebook/dp/B0CQRD3V1Y/ref=zg_bs_g_6190484011_d_sccl_22/142-5481648-3710261,N/A,N/A,N/A
#23,The Tyrant Alpha's Fated Chase,Jennifer Eve,4.3,557.0,2.99,https://www.amazon.com/Tyrant-Alphas-Fated-Chase-Forbidden-ebook/dp/B0G4D3BWPC/ref=zg_bs_g_6190484011_d_sccl_23/142-5481648-3710261,N/A,N/A,N/A
#24,The Silversmith,LJ Claren,4.3,9991.0,4.99,https://www.amazon.com/Silversmith-totally-addictive-fantasy-Selvaren-ebook/dp/B0FV6P4B9M/ref=zg_bs_g_6190484011_d_sccl_24/142-5481648-3710261,N/A,N/A,N/A
#25,Destined Mate,Jen L. Grey,4.5,10884.0,4.99,https://www.amazon.com/Destined-Mate-Twisted-Fate-Trilogy-ebook/dp/B0CBQWL5XY/ref=zg_bs_g_6190484011_d_sccl_25/142-5481648-3710261,"Fate stripped everything from me and forced me to face my worst nightmare. As the adopted and weakest member of my pack, I’ve always been an outcast and mistreated, especially since I've never been able to shift into my animal form. Every time I try to find a way to escape my personal hell, my pack leader stops me, vowing that I'll never be free from him. Then the worst happens. A group of my pack members attack me. Alone, outnumbered, and stuck in my human form, I'll fight for my life even though there’s no hope for survival. Until a group of unfamiliar wolves come to my aid. The sexiest and strongest of them, Bodey, is adamant to protect me. And something inside me tugs toward him almost unnaturally. But it turns out things aren't what they seem. There might be something more to my past than I knew . . . and Bodey might be the very person I need protecting from. Get this steamy and suspenseful forced proximity, touch her and unalive, broody male, fated mates, royal wolf shifter romance today! Read more",N/A,N/A
#26,Riftborn,Shannon Mayer,4.8,317.0,4.99,https://www.amazon.com/Riftborn-Apocalyptic-Fantasy-Sorrows-Blades-ebook/dp/B0GQJJ2533/ref=zg_bs_g_6190484011_d_sccl_26/142-5481648-3710261,N/A,N/A,N/A
#27,The Alpha King's Queen,Eloise Benjamin,4.5,3662.0,2.99,https://www.amazon.com/Alpha-Kings-Queen-Eloise-Benjamin-ebook/dp/B0DKXV4W7G/ref=zg_bs_g_6190484011_d_sccl_27/142-5481648-3710261,N/A,N/A,N/A
#28,Swipe Right on Fate,Roxie Ray,4.2,2720.0,4.95,https://www.amazon.com/Swipe-Right-Fate-Roxie-Ray-ebook/dp/B0GJ79LTJ6/ref=zg_bs_g_6190484011_d_sccl_28/142-5481648-3710261,N/A,N/A,N/A
#29,Zodiac Academy 9: Restless Stars,Caroline Peckham,4.5,37785.0,8.99,https://www.amazon.com/Zodiac-Academy-9-Caroline-Peckham-ebook/dp/B0CHS9CQT8/ref=zg_bs_g_6190484011_d_sccl_29/142-5481648-3710261,N/A,N/A,N/A
#30,Beast Business,Ilona Andrews,4.8,2847.0,5.99,https://www.amazon.com/Beast-Business-Ilona-Andrews-ebook/dp/B0GKJ2ZQFD/ref=zg_bs_g_6190484011_d_sccl_30/142-5481648-3710261,N/A,N/A,N/A
#31,Chased by My Grumpy Alpha,Jaymin Snow,4.5,1094.0,4.99,https://www.amazon.com/Chased-Grumpy-Alpha-Forbidden-Paranormal-ebook/dp/B0FYJHK4VC/ref=zg_bs_g_6190484011_d_sccl_31/142-3510744-9003908?psc=1,N/A,N/A,N/A
#32,Fated to the Wolf Prince,April L. Moon,4.4,25147.0,5.99,https://www.amazon.com/Fated-Wolf-Prince-Shifter-Paranormal-ebook/dp/B0CB95LXNN/ref=zg_bs_g_6190484011_d_sccl_32/142-3510744-9003908?psc=1,N/A,N/A,N/A
#33,Crowned By The King-Sized Alpha,Olivia T. Turner,4.5,298.0,3.99,https://www.amazon.com/Crowned-King-Sized-Alpha-Olivia-Turner-ebook/dp/B0G3YLHSHZ/ref=zg_bs_g_6190484011_d_sccl_33/142-3510744-9003908?psc=1,N/A,N/A,N/A
#34,The Primal of Blood and Bone,Jennifer L. Armentrout,4.0,11407.0,8.99,https://www.amazon.com/Primal-Blood-Bone-Ash-Novel-ebook/dp/B0DLHZ6GXJ/ref=zg_bs_g_6190484011_d_sccl_34/142-3510744-9003908?psc=1,N/A,N/A,N/A
#35,Shift of the Wild,S.E. Babin,4.8,329.0,4.99,https://www.amazon.com/Shift-Wild-Shifter-Lords-Book-ebook/dp/B0FPJYMSJL/ref=zg_bs_g_6190484011_d_sccl_35/142-3510744-9003908?psc=1,N/A,N/A,N/A
#36,From Blood and Ash,Jennifer L. Armentrout,4.6,80385.0,8.99,https://www.amazon.com/Blood-Ash-Jennifer-L-Armentrout-ebook/dp/B086JMSSVH/ref=zg_bs_g_6190484011_d_sccl_36/142-3510744-9003908?psc=1,N/A,N/A,N/A
#37,A Shadow in the Ember,Jennifer L. Armentrout,4.7,37828.0,8.99,https://www.amazon.com/Shadow-Ember-Flesh-Fire-Book-ebook/dp/B08Z2ZJSR3/ref=zg_bs_g_6190484011_d_sccl_37/142-3510744-9003908?psc=1,N/A,N/A,N/A
#38,Reborn (Shadow Beast Shifters 3),Jaymin Eve,4.6,20287.0,5.99,https://www.amazon.com/Reborn-Shadow-Beast-Shifters-Book-ebook/dp/B08RWMTPCR/ref=zg_bs_g_6190484011_d_sccl_38/142-3510744-9003908?psc=1,N/A,N/A,N/A
#39,Promised in Blood,Sadie Kincaid,4.4,19417.0,5.99,https://www.amazon.com/Bound-Blood-Broken-Bloodlines-Book-ebook/dp/B0CQ8SR1DW/ref=zg_bs_g_6190484011_d_sccl_39/142-3510744-9003908?psc=1,N/A,N/A,N/A
#40,Don't Feed the Vampire,Grae Bryan,4.5,864.0,5.99,https://www.amazon.com/Dont-Feed-Vampire-Coastal-Creatures-ebook/dp/B0DQ45KFKR/ref=zg_bs_g_6190484011_d_sccl_40/142-3510744-9003908?psc=1,N/A,N/A,N/A
#41,The Wolf Queen,Lauren Palphreyman,,,5.99,https://www.amazon.com/Wolf-Queen-Fantasy-Romance-ebook/dp/B0GGBVWGB1/ref=zg_bs_g_6190484011_d_sccl_41/142-3510744-9003908?psc=1,N/A,N/A,N/A
#42,Knot in Doubt,Ember L. Nicole,4.2,879.0,4.99,https://www.amazon.com/Promises-Omegaverse-Ember-L-Nicole-ebook/dp/B0FG87MSM2/ref=zg_bs_g_6190484011_d_sccl_42/142-3510744-9003908?psc=1,N/A,N/A,N/A
#43,The Venom in our Vows,Talia Shepstone,4.3,1240.0,5.99,https://www.amazon.com/Venom-our-Vows-Reverse-Fantasy-ebook/dp/B0FV7W4WLD/ref=zg_bs_g_6190484011_d_sccl_43/142-3510744-9003908?psc=1,N/A,N/A,N/A
#44,Primal: A Rejected Mate Romance,Kayleigh King,4.3,2925.0,4.99,https://www.amazon.com/Primal-Rejected-Omegaverse-Romance-Drive-ebook/dp/B0DSZ57DKN/ref=zg_bs_g_6190484011_d_sccl_44/142-3510744-9003908?psc=1,N/A,N/A,N/A
#45,Witch Fire,Lyra Mishon,4.4,1856.0,4.99,https://www.amazon.com/Witch-Fire-paranormal-academy-Starfall-ebook/dp/B0FX4G5Z99/ref=zg_bs_g_6190484011_d_sccl_45/142-3510744-9003908?psc=1,N/A,N/A,N/A
#46,Clash of Claws,Elizabeth Dear,4.7,4669.0,5.99,https://www.amazon.com/Clash-Claws-Shifter-Guardians-Academy-ebook/dp/B0FNRMCTRC/ref=zg_bs_g_6190484011_d_sccl_46/142-3510744-9003908?psc=1,N/A,N/A,N/A
#47,Crescent Kingdom,Tessa Hale,4.4,13044.0,4.99,https://www.amazon.com/Crescent-Kingdom-Wolves-Creek-Book-ebook/dp/B0D852YJZ5/ref=zg_bs_g_6190484011_d_sccl_47/142-3510744-9003908?psc=1,N/A,N/A,N/A
#48,Night Owl Bridge,Seana Kelly,4.7,239.0,0.99,https://www.amazon.com/Night-Bridge-Story-World-Wicche-ebook/dp/B0GQJ3JLX9/ref=zg_bs_g_6190484011_d_sccl_48/142-3510744-9003908?psc=1,N/A,N/A,N/A
#49,A Kingdom of Flesh and Fire,Jennifer L. Armentrout,4.6,69616.0,8.99,https://www.amazon.com/Kingdom-Flesh-Fire-Blood-Book-ebook/dp/B08BZ61HDF/ref=zg_bs_g_6190484011_d_sccl_49/142-3510744-9003908?psc=1,N/A,N/A,N/A
#50,Bound in Blood,Sadie Kincaid,4.4,17024.0,5.99,https://www.amazon.com/Bound-Blood-Broken-Bloodlines-Book-ebook/dp/B0DDY763WZ/ref=zg_bs_g_6190484011_d_sccl_50/142-3510744-9003908?psc=1,N/A,N/A,N/A
#51,Eldrith Manor,Leigh Rivers,4.2,2044.0,4.99,https://www.amazon.com/Eldrith-Manor-Leigh-Rivers-ebook/dp/B0FDF3H3CD/ref=zg_bs_g_6190484011_d_sccl_1/145-2966230-4286357,N/A,N/A,N/A
#52,The Crown of Gilded Bones,Jennifer L. Armentrout,4.6,70232.0,8.99,https://www.amazon.com/Crown-Gilded-Bones-Blood-Book-ebook/dp/B08NS24X2T/ref=zg_bs_g_6190484011_d_sccl_2/145-2966230-4286357,N/A,N/A,N/A
#53,How To Tell If Your K-9 Is A Demon,Trista Ricketts,4.5,379.0,5.99,https://www.amazon.com/How-Tell-Your-K-9-Demon-ebook/dp/B0GCPQH68P/ref=zg_bs_g_6190484011_d_sccl_3/145-2966230-4286357,N/A,N/A,N/A
#54,Mate,Ali Hazelwood,4.4,29773.0,10.99,https://www.amazon.com/Mate-Ali-Hazelwood-ebook/dp/B0DY3SL9FW/ref=zg_bs_g_6190484011_d_sccl_4/145-2966230-4286357,N/A,N/A,N/A
#55,Eclipsed Heart,Jen L. Grey,4.4,7569.0,5.99,https://www.amazon.com/Eclipsed-Heart-Twisted-Fate-Trilogy-ebook/dp/B0CGK3B64M/ref=zg_bs_g_6190484011_d_sccl_5/145-2966230-4286357,N/A,N/A,N/A
#56,Her Irish Dragons,Theodora Taylor,3.6,19.0,5.99,https://www.amazon.com/Her-Irish-Dragons-Shifters-Book-ebook/dp/B0FBSF6G1G/ref=zg_bs_g_6190484011_d_sccl_6/145-2966230-4286357,"""I'm dying for Her Irish Dragons after that Irish Bears cliffhanger!"" ""I will never forgive this author for the cliffhanger at the end of Her Irish Bears."" ""One star! I loved Irish Bears—but that cliffhanger!"" —Author interpretation of several reviews The highly anticipated FINAL book in the Irish Shifters trilogy is finally HERE! Go to Ireland, they said. It can only be you, they said. It'll be fun. Okay, okay, the king and queen of the Scottish Wolves didn't say that fun part. But I’m still trying to figure out why they’re sending me, a broke, recently unemployed, stuck-back-in-her-childhood-bedroom-opposite-of-a-diplomat she-wolf, to broker peace between them and the Irish Wolves. The Irish Bears hosting the summit specifically requested me, and they refuse to explain why they insisted it couldn't be anyone else. Then I get shoved into a lake. A lake that turns out to be a fating portal. A portal that shoots me thousands of years into the past. So, y’know, now I really have to ask… Was I invited to Ireland? Or summoned there by three emerald-colored beasts who will do anything—and I cannot stress the italics on this hard enough, any-truly-epic-thing —to claim me as theirs. Forever. 🔥 Three dragon gods. One innocent named Dorie. A prophecy that will change everything. 🔥 Read more",N/A,N/A
#57,The Ice Tyrant's Fated Mate,Riley Storm,4.5,194.0,3.99,https://www.amazon.com/Tyrants-Fated-Hollow-Earth-Dragons-ebook/dp/B0GKYZRQC5/ref=zg_bs_g_6190484011_d_sccl_7/145-2966230-4286357,N/A,N/A,N/A
#58,The War of Two Queens,Jennifer L. Armentrout,4.4,58280.0,8.99,https://www.amazon.com/War-Two-Queens-Blood-Book-ebook/dp/B0992Y537S/ref=zg_bs_g_6190484011_d_sccl_8/145-2966230-4286357,N/A,N/A,N/A
#59,Fated to the Feral Wolf,April L. Moon,4.4,15323.0,6.99,https://www.amazon.com/Fated-Feral-Wolf-Shifter-Paranormal-ebook/dp/B0CQQFZ28W/ref=zg_bs_g_6190484011_d_sccl_9/145-2966230-4286357,"I never would have seen him coming, not in a million years. Feral. Growling. Terrifying. Until my wolf claimed him as hers. Shay I'm a lot of things; a loyal best friend, music lover, introvert. All labels I'd happily claim as mine. Survivor of abuse, I'll claim because it's true, and I'm a survivor. But fated mate? That one feels like an ill-fitting glove. Especially when said mate has been feral for years, and nobody knows what sent him over the edge, let alone how to get him back. But there's no denying my wolf, and she wants him. So what's a girl to do? Bathe the stinky wolf if he's going to sneak into my bed and then play him Mozart until dawn. Obviously . But a fated mate connection is a once in a lifetime bond. And if he can't turn back into a man . . . will I be alone forever, even with him at my side? Dirge I've been on the run for so many years, I don't remember how to be a man, not really. But Shay calls to that part of me, the part I hid away so long ago. She's everything a man could want. Gorgeous, intelligent, and funny, all wrapped into a stunning, shyly sweet package. There's nothing under the moon I want more than to hold her in my arms. That's the problem, though; if I give into the urge, if I change back and take her as mine . . . I sign her death warrant. The fates have foretold it, and the only way I can save her is to never go back, no matter how badly it hurts. To save her, I have to stay a wolf. ★★★★★ If you love: Feral Wolf Shifters Fated Mates (but not insta-love) Touch Her and 🔪 ✨ Vibes ✨ She Has Powers Supportive Besties Total Acceptance for Her Past This is the book for you! ★★★★★ Each book in this series contains an HEA for the main couple, but with an overarching series plot until the world is complete. Read more",N/A,N/A
#60,Fearless Bond,Roe Horvat,4.2,1082.0,0.99,https://www.amazon.com/Fearless-Bond-Bears-Beauville-Book-ebook/dp/B0DK1T1XPT/ref=zg_bs_g_6190484011_d_sccl_10/145-2966230-4286357,N/A,N/A,N/A
#61,Her Soul to Take,Harley Laroux,4.4,41464.0,4.99,https://www.amazon.com/Her-Soul-Take-Souls-Trilogy-ebook/dp/B08WJHGH2T/ref=zg_bs_g_6190484011_d_sccl_11/145-2966230-4286357,N/A,N/A,N/A
#62,Witches With Benefits,Amanda M. Lee,4.7,1846.0,4.99,https://www.amazon.com/Witches-Benefits-Nightshade-Detective-Mystery-ebook/dp/B0FCDS2SSG/ref=zg_bs_g_6190484011_d_sccl_12/145-2966230-4286357,N/A,N/A,N/A
#63,Blood Oath,Morgan B Lee,4.4,20219.0,3.99,https://www.amazon.com/Blood-Oath-Paranormal-Reverse-Legacies-ebook/dp/B0CRTHWGQS/ref=zg_bs_g_6190484011_d_sccl_13/145-2966230-4286357,N/A,N/A,N/A
#64,Crowned by the Enemy Vampire,Michele Mills,4.4,286.0,3.99,https://www.amazon.com/Crowned-Enemy-Vampire-Michele-Mills-ebook/dp/B0G3Y1RBHF/ref=zg_bs_g_6190484011_d_sccl_14/145-2966230-4286357,N/A,N/A,N/A
#65,Raw: A Rejected Mate Omegaverse,Kayleigh King,4.1,1443.0,4.99,https://www.amazon.com/Raw-Rejected-Omegaverse-Kayleigh-King-ebook/dp/B0GHJM1JR6/ref=zg_bs_g_6190484011_d_sccl_15/145-2966230-4286357,N/A,N/A,N/A
#66,Bride,Ali Hazelwood,4.4,62977.0,9.99,https://www.amazon.com/Bride-Ali-Hazelwood-ebook/dp/B0C9GQV1TT/ref=zg_bs_g_6190484011_d_sccl_16/145-2966230-4286357,N/A,N/A,N/A
#67,Brownies for My Grumpy Bunny,Honey Phillips,4.6,700.0,4.99,https://www.amazon.com/Brownies-My-Grumpy-Bunny-Fairhaven-ebook/dp/B0FZ6T7DQB/ref=zg_bs_g_6190484011_d_sccl_17/145-2966230-4286357,N/A,N/A,N/A
#68,Hidden Within the Secret Heart,Tessa Cole,4.1,267.0,4.99,https://www.amazon.com/Hidden-Within-Secret-Desperate-Disguise-ebook/dp/B0DZJ1TZFB/ref=zg_bs_g_6190484011_d_sccl_18/145-2966230-4286357,N/A,N/A,N/A
#69,A Light in the Flame,Jennifer L. Armentrout,4.7,34088.0,8.99,https://www.amazon.com/Light-Flame-Flesh-Fire-Novel-ebook/dp/B09YMS96FN/ref=zg_bs_g_6190484011_d_sccl_19/145-2966230-4286357,N/A,N/A,N/A
#70,Fated to the Scarred Wolf,April L. Moon,4.5,4384.0,6.99,https://www.amazon.com/Fated-Scarred-Wolf-Shifter-Paranormal-ebook/dp/B0F4L1KV2F/ref=zg_bs_g_6190484011_d_sccl_20/145-2966230-4286357,N/A,N/A,N/A
#71,Chosen Destiny,Jen L. Grey,4.4,6265.0,5.99,https://www.amazon.com/Chosen-Destiny-Twisted-Fate-Trilogy-ebook/dp/B0CJ7GFBHG/ref=zg_bs_g_6190484011_d_sccl_21/145-2966230-4286357,N/A,N/A,N/A
#72,Born of Blood and Ash,Jennifer L. Armentrout,4.4,15374.0,8.99,https://www.amazon.com/Born-Blood-Ash-Flesh-Novel-ebook/dp/B0CFM9PSV7/ref=zg_bs_g_6190484011_d_sccl_22/145-2966230-4286357,N/A,N/A,N/A
#73,Mated to the Alpha Squad,Ella Hartwell,4.0,740.0,2.99,https://www.amazon.com/Mated-Alpha-Squad-Reverse-Shifter-ebook/dp/B0G5GVJMQG/ref=zg_bs_g_6190484011_d_sccl_23/145-2966230-4286357,N/A,N/A,N/A
#74,Savage Fae,Caroline Peckham,4.4,34947.0,6.99,https://www.amazon.com/Savage-Ruthless-Boys-Zodiac-Book-ebook/dp/B07ZFJLSX3/ref=zg_bs_g_6190484011_d_sccl_24/145-2966230-4286357,N/A,N/A,N/A
#75,Mate abandoned by Alpha,Gertty Rudraw,4.0,1736.0,2.99,https://www.amazon.com/Mate-abandoned-Alpha-Pregnancy-Paranormal-ebook/dp/B0G5Y2C98H/ref=zg_bs_g_6190484011_d_sccl_25/145-2966230-4286357,N/A,N/A,N/A
#76,A Claim of Fortune,Jaymin Eve,4.4,7253.0,5.99,https://www.amazon.com/Claim-Fortune-Shifter-Fated-Mates-ebook/dp/B0DVHT61DB/ref=zg_bs_g_6190484011_d_sccl_26/145-2966230-4286357,N/A,N/A,N/A
#77,Mage Storm,Lyra Mishon,4.4,988.0,4.99,https://www.amazon.com/Mage-Storm-paranormal-academy-Starfall-ebook/dp/B0G21K7DWC/ref=zg_bs_g_6190484011_d_sccl_27/145-2966230-4286357,N/A,N/A,N/A
#78,A Curse of Fate,Jaymin Eve,4.5,14868.0,4.99,https://www.amazon.com/Curse-Fate-Shifter-Fated-Mates-ebook/dp/B0DJPY9X38/ref=zg_bs_g_6190484011_d_sccl_28/145-2966230-4286357,N/A,N/A,N/A
#79,Grimm Curiosities,Sharon Lynn Fisher,4.5,4459.0,2.49,https://www.amazon.com/Grimm-Curiosities-Sharon-Lynn-Fisher-ebook/dp/B0CT9SVLNR/ref=zg_bs_g_6190484011_d_sccl_29/145-2966230-4286357,N/A,N/A,N/A
#80,Court of Lust,Lacey Carter Andersen,4.5,1498.0,3.99,https://www.amazon.com/Court-Lust-Fantasy-Reverse-Romance-ebook/dp/B0FTGP7P5K/ref=zg_bs_g_6190484011_d_sccl_30/145-2966230-4286357,N/A,N/A,N/A
#81,A Soul of Ash and Blood,Jennifer L. Armentrout,4.2,31028.0,8.99,https://www.amazon.com/Soul-Ash-Blood-Novel-Book-ebook/dp/B0BNCF5W6M/ref=zg_bs_g_6190484011_d_sccl_81/142-3510744-9003908?psc=1,N/A,N/A,N/A
#82,Taken by Touch and Torment,Maggie Sunseri,4.3,7015.0,4.99,https://www.amazon.com/Taken-Touch-Torment-Eternal-Obsession-ebook/dp/B0CR1QJ8D7/ref=zg_bs_g_6190484011_d_sccl_82/142-3510744-9003908?psc=1,N/A,N/A,N/A
#83,Vicious Fae,Caroline Peckham,4.4,33399.0,6.99,https://www.amazon.com/Vicious-Ruthless-Boys-Zodiac-Book-ebook/dp/B082GFQ36N/ref=zg_bs_g_6190484011_d_sccl_83/142-3510744-9003908?psc=1,N/A,N/A,N/A
#84,The Witch's Wolf: Fated Destines,Heather K. Carson,4.4,7264.0,4.99,https://www.amazon.com/Witchs-Wolf-Fated-Destines-Destinies-ebook/dp/B0BVL1TV5V/ref=zg_bs_g_6190484011_d_sccl_84/142-3510744-9003908?psc=1,N/A,N/A,N/A
#85,Fated to the Warrior Wolf,April L. Moon,4.5,11285.0,6.99,https://www.amazon.com/Fated-Warrior-Wolf-Shifter-Paranormal-ebook/dp/B0D4MCZVH4/ref=zg_bs_g_6190484011_d_sccl_85/142-3510744-9003908?psc=1,N/A,N/A,N/A
#86,The Warlord Wants Forever,Kresley Cole,4.3,6014.0,5.99,https://www.amazon.com/Warlord-Wants-Forever-Immortals-After-ebook/dp/B06ZZWDBDV/ref=zg_bs_g_6190484011_d_sccl_86/142-3510744-9003908?psc=1,"Discover a dark and wicked new world in Kresley Cole’s remastered tale “The Warlord Wants Forever,” the first scorching installment in her #1 New York Times bestselling Immortals After Dark series... The Warlord Nikolai Wroth, a ruthless Vampire general, will stop at nothing to find his Bride, the one woman who can “blood” him, making his heart beat and filling him with strength. Coldly interested only in the power his Bride will bring, he can hardly believe when Myst the Coveted awakens him body—and soul. The Seductress Famed throughout the world as the most beautiful Valkyrie, Myst has devoted her life to protecting a magical jewel and to fighting the vampires. Wroth provides her with the perfect opportunity to torment her sworn enemy—for with his new heartbeat comes a consuming sexual desire that can only be slaked by her. Denying him, she flees, struggling to forget his searing, possessive kiss. The Hunt is on… She eludes him for five years, but he has finally chased her to ground and stolen her enchanted jewel, giving him absolute power over her. Now that she’s his for the taking, he intends to make her experience first-hand the agonizing, unending lust she subjected him to for half a decade. Yet when Nikolai realizes he wants far more than vengeance from Myst and frees her, will she come back to him? Read more",N/A,N/A
#87,A Fire in the Flesh,Jennifer L. Armentrout,4.4,26217.0,8.99,https://www.amazon.com/Fire-Flesh-Novel-ebook/dp/B0BQ77BJFR/ref=zg_bs_g_6190484011_d_sccl_87/142-3510744-9003908?psc=1,N/A,N/A,N/A
#88,Rejected by My Alpha Stepbrother,Jasmine Fox,4.2,401.0,2.99,https://www.amazon.com/Rejected-Alpha-Stepbrother-Forbidden-Billionaire-ebook/dp/B0GH7L9QD6/ref=zg_bs_g_6190484011_d_sccl_88/142-3510744-9003908?psc=1,"I was brought into a mansion by my adoptive father, only to discover that my stepbrother was my fated mate. Worse still? He sees me as the daughter of the woman who ruined his family, while I'm carrying his secret child. Dimitri Ravencrest was everything I shouldn’t want. Arrogant. Aloof. Alpha’s heir. Five years ago, he kissed me and swore to protect me. Next morning? He rejected me after his so-called fiancée humiliated me. So I ran. I swore I’d never fall for him again. Now I’m the VP of a major tech company. At a business dinner, I ran into the last person I ever wanted to see. And Dimitri? He’s been quietly investigating my every move. I thought rejecting him would finally rid me of the past. Until he barges into my office, slams me against my desk—and our bond sparks to life all over again. Just as he’s about to kiss me, a tiny voice calls out: “Mommy?” Read more",N/A,N/A
#89,Under the Surface,N.R. Walker,4.5,321.0,5.99,https://www.amazon.com/Under-Surface-N-R-Walker-ebook/dp/B0GNPQ28ND/ref=zg_bs_g_6190484011_d_sccl_89/142-3510744-9003908?psc=1,N/A,N/A,N/A
#90,Warrior Fae,Caroline Peckham,4.5,32344.0,8.99,https://www.amazon.com/Warrior-Ruthless-Boys-Zodiac-Book-ebook/dp/B08FYT5SG4/ref=zg_bs_g_6190484011_d_sccl_90/142-3510744-9003908?psc=1,N/A,N/A,N/A
#91,Fated to the Wolf Billionaire,April L. Moon,4.5,7693.0,6.99,https://www.amazon.com/Fated-Wolf-Billionaire-Shifter-Paranormal-ebook/dp/B0DKTH175X/ref=zg_bs_g_6190484011_d_sccl_91/142-3510744-9003908?psc=1,N/A,N/A,N/A
#92,Emotional Support Alpha,Riley Harp,4.3,579.0,2.99,https://www.amazon.com/Emotional-Support-Alpha-Werewolf-Shifter-ebook/dp/B0G6TYLFKR/ref=zg_bs_g_6190484011_d_sccl_92/142-3510744-9003908?psc=1,N/A,N/A,N/A
#93,Eclipsed Empire,Tessa Hale,4.3,9350.0,4.99,https://www.amazon.com/Eclipsed-Empire-Wolves-Crescent-Creek-ebook/dp/B0DZ7TKFVY/ref=zg_bs_g_6190484011_d_sccl_93/142-3510744-9003908?psc=1,"One secret tore my life apart. It sent me running from the place I thought I would be safe, right into the path of untold enemies. But when my life is in danger, the wolves I thought I’d lost for good are the ones who come for me. And they’ll burn down the world to keep me safe—even if none of us trusts each other anymore. With every moment we’re forced together, every whispered apology and stolen touch, my resolve to keep them at a distance weakens. And when I realize just how much each of these men has come to mean to me, that resolve crumbles to dust. Only there are more secrets to uncover—all our pasts lurking in the shadows. And when the monsters emerge from the darkness, there’s no escaping them this time… **Book Two in the Wolves of Crescent Creek Series. If you haven't met the wolves yet, their story begins in Crescent Kingdom.** Read more",N/A,N/A
#94,Fated to My Fiancé's Brother,Jennifer Eve,4.2,484.0,2.99,https://www.amazon.com/Fated-My-Fianc%C3%A9s-Brother-Forbidden-ebook/dp/B0G6LYNWG8/ref=zg_bs_g_6190484011_d_sccl_94/142-3510744-9003908?psc=1,N/A,N/A,N/A
#95,Broken Fae,Caroline Peckham,4.5,31729.0,7.99,https://www.amazon.com/Broken-Ruthless-Boys-Zodiac-Book-ebook/dp/B084TV5X6R/ref=zg_bs_g_6190484011_d_sccl_95/142-3510744-9003908?psc=1,N/A,N/A,N/A
#96,Reclaimed,Roxie Ray,4.4,5996.0,8.99,https://www.amazon.com/Reclaimed-Roxie-Ray-ebook/dp/B0FFJKD94H/ref=zg_bs_g_6190484011_d_sccl_96/142-3510744-9003908?psc=1,N/A,N/A,N/A
#97,Secret Shifters Next Door,Roxie Ray,4.7,5421.0,9.99,https://www.amazon.com/Secret-Shifters-Next-Door-Complete-ebook/dp/B0DGTGR1VQ/ref=zg_bs_g_6190484011_d_sccl_97/142-3510744-9003908?psc=1,N/A,N/A,N/A
#98,The Tyrant Alpha's Rejected Mate,Cate C. Wells,4.0,17034.0,4.99,https://www.amazon.com/Fate-Dark-Delicate-Compelling-Fates-ebook/dp/B0GFPR3RNM/ref=zg_bs_g_6190484011_d_sccl_98/142-3510744-9003908?psc=1,"The king is dead, but Havlands is still in turmoil, plagued by distrust amongst the conquered rebels, shifters, Fae, and humans. With the impending threat of the invading Oakgards’ Fae, Elessia and her friends find themselves in a race to unite their fractured realm. But as Elessia grapples with the deadly implications of her newfound powers, she and Merrick discover a devastating truth: the price of her new gifts may force them to leave Havlands and their friends behind to face the looming war alone. As Elessia and Merrick journey to Vastala in desperate search of answers, their friends must survive the brutal politics of a collapsing realm on their own. Bonds are tested, loyalties shift, and the lines between ally and enemy blur. And with fate at the door, they each must decide whether answering the call of destiny is worth facing the shadows that haunt them—all before it’s too late. Read more",N/A,N/A
#99,Celestial Academy: The Complete Series,Maya Nicole,4.2,1998.0,9.99,https://www.amazon.com/Tyrant-Alphas-Rejected-Mate-Packs-ebook/dp/B09GPTD93W/ref=zg_bs_g_6190484011_d_sccl_99/142-3510744-9003908?psc=1,N/A,N/A,N/A
#100,The Bear's Chosen Mate,Harmony Raines,4.4,61.0,3.99,https://www.amazon.com/Celestial-Academy-Complete-Maya-Nicole-ebook/dp/B08BYWKN5N/ref=zg_bs_g_6190484011_d_sccl_100/142-3510744-9003908?psc=1,N/A,N/A,N/A
